[{"created_at":"Fri Aug 05 18:02:07 +0000 2011","id":99540701343252480,"id_str":"99540701343252480","text":"Launch your affiliate marketing campaigns with a simple Wordpress generated squeeze page.  Demo the theme at http:\/\/t.co\/aNWVgNs","source":"web","truncated":false,"in_reply_to_status_id":null,"in_reply_to_status_id_str":null,"in_reply_to_user_id":null,"in_reply_to_user_id_str":null,"in_reply_to_screen_name":null,"user":{"id":104300047,"id_str":"104300047","name":"DesignThemes.in","screen_name":"DesignThemes","location":"Website Near You","description":"Find The Best Wordpress Templates & Design Themes For Your Website or Blog.","url":"http:\/\/t.co\/0PFaO099ui","entities":{"url":{"urls":[{"url":"http:\/\/t.co\/0PFaO099ui","expanded_url":"http:\/\/DesignThemes.in","display_url":"DesignThemes.in","indices":[0,22]}]},"description":{"urls":[]}},"protected":false,"followers_count":24,"friends_count":21,"listed_count":0,"created_at":"Tue Jan 12 23:00:43 +0000 2010","favourites_count":0,"utc_offset":-28800,"time_zone":"Pacific Time (US & Canada)","geo_enabled":false,"verified":false,"statuses_count":2,"lang":"en","contributors_enabled":false,"is_translator":false,"is_translation_enabled":false,"profile_background_color":"131516","profile_background_image_url":"http:\/\/abs.twimg.com\/images\/themes\/theme14\/bg.gif","profile_background_image_url_https":"https:\/\/abs.twimg.com\/images\/themes\/theme14\/bg.gif","profile_background_tile":true,"profile_image_url":"http:\/\/pbs.twimg.com\/profile_images\/627357525\/molumen_seahorse_silhouette_normal.jpg","profile_image_url_https":"https:\/\/pbs.twimg.com\/profile_images\/627357525\/molumen_seahorse_silhouette_normal.jpg","profile_link_color":"009999","profile_sidebar_border_color":"EEEEEE","profile_sidebar_fill_color":"EFEFEF","profile_text_color":"333333","profile_use_background_image":false,"default_profile":false,"default_profile_image":false,"following":false,"follow_request_sent":false,"notifications":false},"geo":null,"coordinates":null,"place":null,"contributors":null,"retweet_count":0,"favorite_count":0,"entities":{"hashtags":[],"symbols":[],"urls":[{"url":"http:\/\/t.co\/aNWVgNs","expanded_url":"http:\/\/DesignThemes.in","display_url":"DesignThemes.in","indices":[109,128]}],"user_mentions":[]},"favorited":false,"retweeted":false,"possibly_sensitive":false,"lang":"en"},{"created_at":"Tue May 31 16:48:23 +0000 2011","id":75604546407243776,"id_str":"75604546407243776","text":"Looking for one of the best #Wordpress templates?  Keep it simple & efficient.  http:\/\/bit.ly\/simplewp","source":"web","truncated":false,"in_reply_to_status_id":null,"in_reply_to_status_id_str":null,"in_reply_to_user_id":null,"in_reply_to_user_id_str":null,"in_reply_to_screen_name":null,"user":{"id":104300047,"id_str":"104300047","name":"DesignThemes.in","screen_name":"DesignThemes","location":"Website Near You","description":"Find The Best Wordpress Templates & Design Themes For Your Website or Blog.","url":"http:\/\/t.co\/0PFaO099ui","entities":{"url":{"urls":[{"url":"http:\/\/t.co\/0PFaO099ui","expanded_url":"http:\/\/DesignThemes.in","display_url":"DesignThemes.in","indices":[0,22]}]},"description":{"urls":[]}},"protected":false,"followers_count":24,"friends_count":21,"listed_count":0,"created_at":"Tue Jan 12 23:00:43 +0000 2010","favourites_count":0,"utc_offset":-28800,"time_zone":"Pacific Time (US & Canada)","geo_enabled":false,"verified":false,"statuses_count":2,"lang":"en","contributors_enabled":false,"is_translator":false,"is_translation_enabled":false,"profile_background_color":"131516","profile_background_image_url":"http:\/\/abs.twimg.com\/images\/themes\/theme14\/bg.gif","profile_background_image_url_https":"https:\/\/abs.twimg.com\/images\/themes\/theme14\/bg.gif","profile_background_tile":true,"profile_image_url":"http:\/\/pbs.twimg.com\/profile_images\/627357525\/molumen_seahorse_silhouette_normal.jpg","profile_image_url_https":"https:\/\/pbs.twimg.com\/profile_images\/627357525\/molumen_seahorse_silhouette_normal.jpg","profile_link_color":"009999","profile_sidebar_border_color":"EEEEEE","profile_sidebar_fill_color":"EFEFEF","profile_text_color":"333333","profile_use_background_image":false,"default_profile":false,"default_profile_image":false,"following":false,"follow_request_sent":false,"notifications":false},"geo":null,"coordinates":null,"place":null,"contributors":null,"retweet_count":0,"favorite_count":0,"entities":{"hashtags":[{"text":"Wordpress","indices":[28,38]}],"symbols":[],"urls":[],"user_mentions":[]},"favorited":false,"retweeted":false,"lang":"en"}]