[{"created_at":"Mon Jan 13 05:38:42 +0000 2014","id":422603590209785856,"id_str":"422603590209785856","text":"http:\/\/t.co\/4a4mg2891G","source":"\u003ca href=\"http:\/\/twitter.com\/tweetbutton\" rel=\"nofollow\"\u003eTweet Button\u003c\/a\u003e","truncated":false,"in_reply_to_status_id":null,"in_reply_to_status_id_str":null,"in_reply_to_user_id":null,"in_reply_to_user_id_str":null,"in_reply_to_screen_name":null,"user":{"id":55849690,"id_str":"55849690","name":"Ramamoorthi","screen_name":"iamdesigning","location":"india","description":"Website to provide web design,graphic design tutorials and flash tutorials and  design resources  for free.with beautiful life style...","url":"http:\/\/t.co\/xt90YSzyFf","entities":{"url":{"urls":[{"url":"http:\/\/t.co\/xt90YSzyFf","expanded_url":"http:\/\/freecssshowcase.com","display_url":"freecssshowcase.com","indices":[0,22]}]},"description":{"urls":[]}},"protected":false,"followers_count":2743,"friends_count":3349,"listed_count":62,"created_at":"Sat Jul 11 15:08:36 +0000 2009","favourites_count":0,"utc_offset":19800,"time_zone":"Chennai","geo_enabled":false,"verified":false,"statuses_count":9472,"lang":"en","contributors_enabled":false,"is_translator":false,"is_translation_enabled":false,"profile_background_color":"9AE4E8","profile_background_image_url":"http:\/\/pbs.twimg.com\/profile_background_images\/30391404\/iamdesigning_tweetpage.gif","profile_background_image_url_https":"https:\/\/pbs.twimg.com\/profile_background_images\/30391404\/iamdesigning_tweetpage.gif","profile_background_tile":false,"profile_image_url":"http:\/\/pbs.twimg.com\/profile_images\/318427999\/light_normal.png","profile_image_url_https":"https:\/\/pbs.twimg.com\/profile_images\/318427999\/light_normal.png","profile_link_color":"0084B4","profile_sidebar_border_color":"BDDCAD","profile_sidebar_fill_color":"DDFFCC","profile_text_color":"333333","profile_use_background_image":true,"default_profile":false,"default_profile_image":false,"following":true,"follow_request_sent":false,"notifications":false},"geo":null,"coordinates":null,"place":null,"contributors":null,"retweet_count":0,"favorite_count":0,"entities":{"hashtags":[],"symbols":[],"urls":[{"url":"http:\/\/t.co\/4a4mg2891G","expanded_url":"http:\/\/themeforest.net\/item\/wedding-event-responsive-marriage-invite-theme\/6551914","display_url":"themeforest.net\/item\/wedding-e\u2026","indices":[0,22]}],"user_mentions":[]},"favorited":false,"retweeted":false,"possibly_sensitive":false,"lang":"und"},{"created_at":"Thu Nov 28 08:32:06 +0000 2013","id":405977387726565376,"id_str":"405977387726565376","text":"Free Long Shadow Flat Iconset http:\/\/t.co\/fcrMqjugF6 by @iconshock  http:\/\/t.co\/3h6x3hIcz0","source":"\u003ca href=\"http:\/\/designshock.com\/\" rel=\"nofollow\"\u003eShare Freebies By ShockFamily\u003c\/a\u003e","truncated":false,"in_reply_to_status_id":null,"in_reply_to_status_id_str":null,"in_reply_to_user_id":null,"in_reply_to_user_id_str":null,"in_reply_to_screen_name":null,"user":{"id":55849690,"id_str":"55849690","name":"Ramamoorthi","screen_name":"iamdesigning","location":"india","description":"Website to provide web design,graphic design tutorials and flash tutorials and  design resources  for free.with beautiful life style...","url":"http:\/\/t.co\/xt90YSzyFf","entities":{"url":{"urls":[{"url":"http:\/\/t.co\/xt90YSzyFf","expanded_url":"http:\/\/freecssshowcase.com","display_url":"freecssshowcase.com","indices":[0,22]}]},"description":{"urls":[]}},"protected":false,"followers_count":2743,"friends_count":3349,"listed_count":62,"created_at":"Sat Jul 11 15:08:36 +0000 2009","favourites_count":0,"utc_offset":19800,"time_zone":"Chennai","geo_enabled":false,"verified":false,"statuses_count":9472,"lang":"en","contributors_enabled":false,"is_translator":false,"is_translation_enabled":false,"profile_background_color":"9AE4E8","profile_background_image_url":"http:\/\/pbs.twimg.com\/profile_background_images\/30391404\/iamdesigning_tweetpage.gif","profile_background_image_url_https":"https:\/\/pbs.twimg.com\/profile_background_images\/30391404\/iamdesigning_tweetpage.gif","profile_background_tile":false,"profile_image_url":"http:\/\/pbs.twimg.com\/profile_images\/318427999\/light_normal.png","profile_image_url_https":"https:\/\/pbs.twimg.com\/profile_images\/318427999\/light_normal.png","profile_link_color":"0084B4","profile_sidebar_border_color":"BDDCAD","profile_sidebar_fill_color":"DDFFCC","profile_text_color":"333333","profile_use_background_image":true,"default_profile":false,"default_profile_image":false,"following":true,"follow_request_sent":false,"notifications":false},"geo":null,"coordinates":null,"place":null,"contributors":null,"retweet_count":0,"favorite_count":0,"entities":{"hashtags":[],"symbols":[],"urls":[{"url":"http:\/\/t.co\/fcrMqjugF6","expanded_url":"http:\/\/www.iconshock.com\/icon_sets\/flat-icon-set\/","display_url":"iconshock.com\/icon_sets\/flat\u2026","indices":[30,52]},{"url":"http:\/\/t.co\/3h6x3hIcz0","expanded_url":"http:\/\/www.iconshock.com","display_url":"iconshock.com","indices":[68,90]}],"user_mentions":[{"screen_name":"iconshock","name":"iconshock","id":38471514,"id_str":"38471514","indices":[56,66]}]},"favorited":false,"retweeted":false,"possibly_sensitive":false,"lang":"en"},{"created_at":"Wed Nov 13 07:14:09 +0000 2013","id":400521952516775938,"id_str":"400521952516775938","text":"Check out this great #themeforest item 'Rise | One Page Responsive WP Portfolio' http:\/\/t.co\/gaxEHy9Nh9","source":"\u003ca href=\"http:\/\/twitter.com\/tweetbutton\" rel=\"nofollow\"\u003eTweet Button\u003c\/a\u003e","truncated":false,"in_reply_to_status_id":null,"in_reply_to_status_id_str":null,"in_reply_to_user_id":null,"in_reply_to_user_id_str":null,"in_reply_to_screen_name":null,"user":{"id":55849690,"id_str":"55849690","name":"Ramamoorthi","screen_name":"iamdesigning","location":"india","description":"Website to provide web design,graphic design tutorials and flash tutorials and  design resources  for free.with beautiful life style...","url":"http:\/\/t.co\/xt90YSzyFf","entities":{"url":{"urls":[{"url":"http:\/\/t.co\/xt90YSzyFf","expanded_url":"http:\/\/freecssshowcase.com","display_url":"freecssshowcase.com","indices":[0,22]}]},"description":{"urls":[]}},"protected":false,"followers_count":2743,"friends_count":3349,"listed_count":62,"created_at":"Sat Jul 11 15:08:36 +0000 2009","favourites_count":0,"utc_offset":19800,"time_zone":"Chennai","geo_enabled":false,"verified":false,"statuses_count":9472,"lang":"en","contributors_enabled":false,"is_translator":false,"is_translation_enabled":false,"profile_background_color":"9AE4E8","profile_background_image_url":"http:\/\/pbs.twimg.com\/profile_background_images\/30391404\/iamdesigning_tweetpage.gif","profile_background_image_url_https":"https:\/\/pbs.twimg.com\/profile_background_images\/30391404\/iamdesigning_tweetpage.gif","profile_background_tile":false,"profile_image_url":"http:\/\/pbs.twimg.com\/profile_images\/318427999\/light_normal.png","profile_image_url_https":"https:\/\/pbs.twimg.com\/profile_images\/318427999\/light_normal.png","profile_link_color":"0084B4","profile_sidebar_border_color":"BDDCAD","profile_sidebar_fill_color":"DDFFCC","profile_text_color":"333333","profile_use_background_image":true,"default_profile":false,"default_profile_image":false,"following":true,"follow_request_sent":false,"notifications":false},"geo":null,"coordinates":null,"place":null,"contributors":null,"retweet_count":0,"favorite_count":0,"entities":{"hashtags":[{"text":"themeforest","indices":[21,33]}],"symbols":[],"urls":[{"url":"http:\/\/t.co\/gaxEHy9Nh9","expanded_url":"http:\/\/themeforest.net\/item\/rise-one-page-responsive-wp-portfolio\/6011066","display_url":"themeforest.net\/item\/rise-one-\u2026","indices":[81,103]}],"user_mentions":[]},"favorited":false,"retweeted":false,"possibly_sensitive":false,"lang":"en"}]