[{"created_at":"Thu Feb 19 21:50:15 +0000 2015","id":568528013563813888,"id_str":"568528013563813888","text":"Editing on the go! More videos on the way. Subscribe to our YouTube Channel to see them first! http:\/\/t.co\/S11erJWF6r http:\/\/t.co\/nIn7JeKC78","source":"\u003ca href=\"http:\/\/twitter.com\" rel=\"nofollow\"\u003eTwitter Web Client\u003c\/a\u003e","truncated":false,"in_reply_to_status_id":null,"in_reply_to_status_id_str":null,"in_reply_to_user_id":null,"in_reply_to_user_id_str":null,"in_reply_to_screen_name":null,"user":{"id":16582191,"id_str":"16582191","name":"Envato","screen_name":"envato","location":"Melbourne","profile_location":null,"description":"Envato is an ecosystem of sites to help you get creative.\n\nSupport Requests: @envato_help","url":"http:\/\/t.co\/5OvUThoMWI","entities":{"url":{"urls":[{"url":"http:\/\/t.co\/5OvUThoMWI","expanded_url":"http:\/\/envato.com","display_url":"envato.com","indices":[0,22]}]},"description":{"urls":[]}},"protected":false,"followers_count":50287,"friends_count":549,"listed_count":1779,"created_at":"Fri Oct 03 19:11:51 +0000 2008","favourites_count":300,"utc_offset":39600,"time_zone":"Melbourne","geo_enabled":false,"verified":false,"statuses_count":6246,"lang":"en","contributors_enabled":false,"is_translator":false,"is_translation_enabled":false,"profile_background_color":"323435","profile_background_image_url":"http:\/\/pbs.twimg.com\/profile_background_images\/378800000036129044\/4aaf87e960f30537daa1a0a0c3c4fc31.jpeg","profile_background_image_url_https":"https:\/\/pbs.twimg.com\/profile_background_images\/378800000036129044\/4aaf87e960f30537daa1a0a0c3c4fc31.jpeg","profile_background_tile":false,"profile_image_url":"http:\/\/pbs.twimg.com\/profile_images\/344513261572266825\/1316a31c9c4481517fbb3fca65e96f3d_normal.png","profile_image_url_https":"https:\/\/pbs.twimg.com\/profile_images\/344513261572266825\/1316a31c9c4481517fbb3fca65e96f3d_normal.png","profile_banner_url":"https:\/\/pbs.twimg.com\/profile_banners\/16582191\/1398308277","profile_link_color":"83B449","profile_sidebar_border_color":"FFFFFF","profile_sidebar_fill_color":"6C9450","profile_text_color":"242424","profile_use_background_image":true,"default_profile":false,"default_profile_image":false,"following":true,"follow_request_sent":false,"notifications":false},"geo":null,"coordinates":null,"place":null,"contributors":null,"retweet_count":1,"favorite_count":6,"entities":{"hashtags":[],"symbols":[],"user_mentions":[],"urls":[{"url":"http:\/\/t.co\/S11erJWF6r","expanded_url":"http:\/\/YouTube.com\/Envato","display_url":"YouTube.com\/Envato","indices":[95,117]}],"media":[{"id":568528010832142336,"id_str":"568528010832142336","indices":[118,140],"media_url":"http:\/\/pbs.twimg.com\/media\/B-PRNrKCYAAczlm.jpg","media_url_https":"https:\/\/pbs.twimg.com\/media\/B-PRNrKCYAAczlm.jpg","url":"http:\/\/t.co\/nIn7JeKC78","display_url":"pic.twitter.com\/nIn7JeKC78","expanded_url":"http:\/\/twitter.com\/envato\/status\/568528013563813888\/photo\/1","type":"photo","sizes":{"large":{"w":960,"h":960,"resize":"fit"},"small":{"w":340,"h":340,"resize":"fit"},"thumb":{"w":150,"h":150,"resize":"crop"},"medium":{"w":600,"h":600,"resize":"fit"}}}]},"extended_entities":{"media":[{"id":568528010832142336,"id_str":"568528010832142336","indices":[118,140],"media_url":"http:\/\/pbs.twimg.com\/media\/B-PRNrKCYAAczlm.jpg","media_url_https":"https:\/\/pbs.twimg.com\/media\/B-PRNrKCYAAczlm.jpg","url":"http:\/\/t.co\/nIn7JeKC78","display_url":"pic.twitter.com\/nIn7JeKC78","expanded_url":"http:\/\/twitter.com\/envato\/status\/568528013563813888\/photo\/1","type":"photo","sizes":{"large":{"w":960,"h":960,"resize":"fit"},"small":{"w":340,"h":340,"resize":"fit"},"thumb":{"w":150,"h":150,"resize":"crop"},"medium":{"w":600,"h":600,"resize":"fit"}}}]},"favorited":false,"retweeted":false,"possibly_sensitive":false,"lang":"en"},{"created_at":"Thu Feb 19 12:59:02 +0000 2015","id":568394326432210944,"id_str":"568394326432210944","text":"Nomadic Designer Toolbox: Tips, Services &amp; Hacks http:\/\/t.co\/BBUGvRxJj5 http:\/\/t.co\/47K76P9j8i","source":"\u003ca href=\"http:\/\/bufferapp.com\" rel=\"nofollow\"\u003eBuffer\u003c\/a\u003e","truncated":false,"in_reply_to_status_id":null,"in_reply_to_status_id_str":null,"in_reply_to_user_id":null,"in_reply_to_user_id_str":null,"in_reply_to_screen_name":null,"user":{"id":16582191,"id_str":"16582191","name":"Envato","screen_name":"envato","location":"Melbourne","profile_location":null,"description":"Envato is an ecosystem of sites to help you get creative.\n\nSupport Requests: @envato_help","url":"http:\/\/t.co\/5OvUThoMWI","entities":{"url":{"urls":[{"url":"http:\/\/t.co\/5OvUThoMWI","expanded_url":"http:\/\/envato.com","display_url":"envato.com","indices":[0,22]}]},"description":{"urls":[]}},"protected":false,"followers_count":50287,"friends_count":549,"listed_count":1779,"created_at":"Fri Oct 03 19:11:51 +0000 2008","favourites_count":300,"utc_offset":39600,"time_zone":"Melbourne","geo_enabled":false,"verified":false,"statuses_count":6246,"lang":"en","contributors_enabled":false,"is_translator":false,"is_translation_enabled":false,"profile_background_color":"323435","profile_background_image_url":"http:\/\/pbs.twimg.com\/profile_background_images\/378800000036129044\/4aaf87e960f30537daa1a0a0c3c4fc31.jpeg","profile_background_image_url_https":"https:\/\/pbs.twimg.com\/profile_background_images\/378800000036129044\/4aaf87e960f30537daa1a0a0c3c4fc31.jpeg","profile_background_tile":false,"profile_image_url":"http:\/\/pbs.twimg.com\/profile_images\/344513261572266825\/1316a31c9c4481517fbb3fca65e96f3d_normal.png","profile_image_url_https":"https:\/\/pbs.twimg.com\/profile_images\/344513261572266825\/1316a31c9c4481517fbb3fca65e96f3d_normal.png","profile_banner_url":"https:\/\/pbs.twimg.com\/profile_banners\/16582191\/1398308277","profile_link_color":"83B449","profile_sidebar_border_color":"FFFFFF","profile_sidebar_fill_color":"6C9450","profile_text_color":"242424","profile_use_background_image":true,"default_profile":false,"default_profile_image":false,"following":true,"follow_request_sent":false,"notifications":false},"geo":null,"coordinates":null,"place":null,"contributors":null,"retweet_count":6,"favorite_count":15,"entities":{"hashtags":[],"symbols":[],"user_mentions":[],"urls":[{"url":"http:\/\/t.co\/BBUGvRxJj5","expanded_url":"http:\/\/buff.ly\/1G4Dhqb","display_url":"buff.ly\/1G4Dhqb","indices":[53,75]}],"media":[{"id":568394326309634048,"id_str":"568394326309634048","indices":[76,98],"media_url":"http:\/\/pbs.twimg.com\/media\/B-NXoNgIgAAyiIP.jpg","media_url_https":"https:\/\/pbs.twimg.com\/media\/B-NXoNgIgAAyiIP.jpg","url":"http:\/\/t.co\/47K76P9j8i","display_url":"pic.twitter.com\/47K76P9j8i","expanded_url":"http:\/\/twitter.com\/envato\/status\/568394326432210944\/photo\/1","type":"photo","sizes":{"small":{"w":340,"h":200,"resize":"fit"},"medium":{"w":600,"h":353,"resize":"fit"},"thumb":{"w":150,"h":150,"resize":"crop"},"large":{"w":600,"h":353,"resize":"fit"}}}]},"extended_entities":{"media":[{"id":568394326309634048,"id_str":"568394326309634048","indices":[76,98],"media_url":"http:\/\/pbs.twimg.com\/media\/B-NXoNgIgAAyiIP.jpg","media_url_https":"https:\/\/pbs.twimg.com\/media\/B-NXoNgIgAAyiIP.jpg","url":"http:\/\/t.co\/47K76P9j8i","display_url":"pic.twitter.com\/47K76P9j8i","expanded_url":"http:\/\/twitter.com\/envato\/status\/568394326432210944\/photo\/1","type":"photo","sizes":{"small":{"w":340,"h":200,"resize":"fit"},"medium":{"w":600,"h":353,"resize":"fit"},"thumb":{"w":150,"h":150,"resize":"crop"},"large":{"w":600,"h":353,"resize":"fit"}}}]},"favorited":false,"retweeted":false,"possibly_sensitive":false,"lang":"en"},{"created_at":"Thu Feb 19 06:14:24 +0000 2015","id":568292496159027202,"id_str":"568292496159027202","text":"Mesmerizing Illustrations by Brian Edward Miller http:\/\/t.co\/g2MZ2exShc http:\/\/t.co\/H6IMsZwYtC","source":"\u003ca href=\"http:\/\/twitter.com\" rel=\"nofollow\"\u003eTwitter Web Client\u003c\/a\u003e","truncated":false,"in_reply_to_status_id":null,"in_reply_to_status_id_str":null,"in_reply_to_user_id":null,"in_reply_to_user_id_str":null,"in_reply_to_screen_name":null,"user":{"id":16582191,"id_str":"16582191","name":"Envato","screen_name":"envato","location":"Melbourne","profile_location":null,"description":"Envato is an ecosystem of sites to help you get creative.\n\nSupport Requests: @envato_help","url":"http:\/\/t.co\/5OvUThoMWI","entities":{"url":{"urls":[{"url":"http:\/\/t.co\/5OvUThoMWI","expanded_url":"http:\/\/envato.com","display_url":"envato.com","indices":[0,22]}]},"description":{"urls":[]}},"protected":false,"followers_count":50287,"friends_count":549,"listed_count":1779,"created_at":"Fri Oct 03 19:11:51 +0000 2008","favourites_count":300,"utc_offset":39600,"time_zone":"Melbourne","geo_enabled":false,"verified":false,"statuses_count":6246,"lang":"en","contributors_enabled":false,"is_translator":false,"is_translation_enabled":false,"profile_background_color":"323435","profile_background_image_url":"http:\/\/pbs.twimg.com\/profile_background_images\/378800000036129044\/4aaf87e960f30537daa1a0a0c3c4fc31.jpeg","profile_background_image_url_https":"https:\/\/pbs.twimg.com\/profile_background_images\/378800000036129044\/4aaf87e960f30537daa1a0a0c3c4fc31.jpeg","profile_background_tile":false,"profile_image_url":"http:\/\/pbs.twimg.com\/profile_images\/344513261572266825\/1316a31c9c4481517fbb3fca65e96f3d_normal.png","profile_image_url_https":"https:\/\/pbs.twimg.com\/profile_images\/344513261572266825\/1316a31c9c4481517fbb3fca65e96f3d_normal.png","profile_banner_url":"https:\/\/pbs.twimg.com\/profile_banners\/16582191\/1398308277","profile_link_color":"83B449","profile_sidebar_border_color":"FFFFFF","profile_sidebar_fill_color":"6C9450","profile_text_color":"242424","profile_use_background_image":true,"default_profile":false,"default_profile_image":false,"following":true,"follow_request_sent":false,"notifications":false},"geo":null,"coordinates":null,"place":null,"contributors":null,"retweet_count":2,"favorite_count":9,"entities":{"hashtags":[],"symbols":[],"user_mentions":[],"urls":[{"url":"http:\/\/t.co\/g2MZ2exShc","expanded_url":"http:\/\/abduzeedo.com\/mesmerizing-illustrations-brian-edward-miller","display_url":"abduzeedo.com\/mesmerizing-il\u2026","indices":[49,71]}],"media":[{"id":568292495075725312,"id_str":"568292495075725312","indices":[72,94],"media_url":"http:\/\/pbs.twimg.com\/media\/B-L7A2mCUAAekBD.jpg","media_url_https":"https:\/\/pbs.twimg.com\/media\/B-L7A2mCUAAekBD.jpg","url":"http:\/\/t.co\/H6IMsZwYtC","display_url":"pic.twitter.com\/H6IMsZwYtC","expanded_url":"http:\/\/twitter.com\/envato\/status\/568292496159027202\/photo\/1","type":"photo","sizes":{"small":{"w":340,"h":226,"resize":"fit"},"thumb":{"w":150,"h":150,"resize":"crop"},"medium":{"w":600,"h":400,"resize":"fit"},"large":{"w":900,"h":600,"resize":"fit"}}}]},"extended_entities":{"media":[{"id":568292495075725312,"id_str":"568292495075725312","indices":[72,94],"media_url":"http:\/\/pbs.twimg.com\/media\/B-L7A2mCUAAekBD.jpg","media_url_https":"https:\/\/pbs.twimg.com\/media\/B-L7A2mCUAAekBD.jpg","url":"http:\/\/t.co\/H6IMsZwYtC","display_url":"pic.twitter.com\/H6IMsZwYtC","expanded_url":"http:\/\/twitter.com\/envato\/status\/568292496159027202\/photo\/1","type":"photo","sizes":{"small":{"w":340,"h":226,"resize":"fit"},"thumb":{"w":150,"h":150,"resize":"crop"},"medium":{"w":600,"h":400,"resize":"fit"},"large":{"w":900,"h":600,"resize":"fit"}}}]},"favorited":false,"retweeted":false,"possibly_sensitive":false,"lang":"en"}]