[{"created_at":"Wed Jan 22 09:13:02 +0000 2014","id":425919022895349760,"id_str":"425919022895349760","text":"A good arbitrage opportunity if you match fix each game for ~ $15 million http:\/\/t.co\/Fi9V7p3TaZ via @techcrunch","source":"\u003ca href=\"http:\/\/twitter.com\/tweetbutton\" rel=\"nofollow\"\u003eTweet Button\u003c\/a\u003e","truncated":false,"in_reply_to_status_id":null,"in_reply_to_status_id_str":null,"in_reply_to_user_id":null,"in_reply_to_user_id_str":null,"in_reply_to_screen_name":null,"user":{"id":16880220,"id_str":"16880220","name":"Ram Ravichandran","screen_name":"ram","location":"San Francisco, CA","description":"polyglot @ Expa, Ex-data scientist at Twitter. \nComputer Science PhD student at CMU on Leave of Absence. I bring good luck to my employer.","url":"http:\/\/t.co\/mIgtzXK","entities":{"url":{"urls":[{"url":"http:\/\/t.co\/mIgtzXK","expanded_url":"http:\/\/www.twitter.com","display_url":"twitter.com","indices":[0,19]}]},"description":{"urls":[]}},"protected":false,"followers_count":4744,"friends_count":517,"listed_count":129,"created_at":"Tue Oct 21 03:08:36 +0000 2008","favourites_count":170,"utc_offset":-21600,"time_zone":"Central Time (US & Canada)","geo_enabled":true,"verified":false,"statuses_count":418,"lang":"en","contributors_enabled":false,"is_translator":false,"is_translation_enabled":false,"profile_background_color":"C0DEED","profile_background_image_url":"http:\/\/abs.twimg.com\/images\/themes\/theme1\/bg.png","profile_background_image_url_https":"https:\/\/abs.twimg.com\/images\/themes\/theme1\/bg.png","profile_background_tile":false,"profile_image_url":"http:\/\/pbs.twimg.com\/profile_images\/1129423989\/ram-ravichandran-tn_normal.png","profile_image_url_https":"https:\/\/pbs.twimg.com\/profile_images\/1129423989\/ram-ravichandran-tn_normal.png","profile_link_color":"0084B4","profile_sidebar_border_color":"C0DEED","profile_sidebar_fill_color":"DDEEF6","profile_text_color":"333333","profile_use_background_image":true,"default_profile":true,"default_profile_image":false,"following":false,"follow_request_sent":false,"notifications":false},"geo":null,"coordinates":null,"place":null,"contributors":null,"retweet_count":0,"favorite_count":0,"entities":{"hashtags":[],"symbols":[],"urls":[{"url":"http:\/\/t.co\/Fi9V7p3TaZ","expanded_url":"http:\/\/techcrunch.com\/2014\/01\/21\/why-warren-buffetts-billion-dollar-prize-to-predict-the-perfect-ncaa-bracket-matters\/?ncid=twittersocialshare","display_url":"techcrunch.com\/2014\/01\/21\/why\u2026","indices":[74,96]}],"user_mentions":[{"screen_name":"TechCrunch","name":"TechCrunch","id":816653,"id_str":"816653","indices":[101,112]}]},"favorited":false,"retweeted":false,"possibly_sensitive":false,"lang":"en"},{"created_at":"Fri Jan 10 04:05:01 +0000 2014","id":421492852086935552,"id_str":"421492852086935552","text":"Just built a \"desktop under Ram's desk\" for Expa. #expatubesdiagram cc: @jmhodges @mattknox @rael http:\/\/t.co\/VW9D6i1wFI","source":"\u003ca href=\"http:\/\/www.apple.com\" rel=\"nofollow\"\u003eiOS\u003c\/a\u003e","truncated":false,"in_reply_to_status_id":null,"in_reply_to_status_id_str":null,"in_reply_to_user_id":null,"in_reply_to_user_id_str":null,"in_reply_to_screen_name":null,"user":{"id":16880220,"id_str":"16880220","name":"Ram Ravichandran","screen_name":"ram","location":"San Francisco, CA","description":"polyglot @ Expa, Ex-data scientist at Twitter. \nComputer Science PhD student at CMU on Leave of Absence. I bring good luck to my employer.","url":"http:\/\/t.co\/mIgtzXK","entities":{"url":{"urls":[{"url":"http:\/\/t.co\/mIgtzXK","expanded_url":"http:\/\/www.twitter.com","display_url":"twitter.com","indices":[0,19]}]},"description":{"urls":[]}},"protected":false,"followers_count":4744,"friends_count":517,"listed_count":129,"created_at":"Tue Oct 21 03:08:36 +0000 2008","favourites_count":170,"utc_offset":-21600,"time_zone":"Central Time (US & Canada)","geo_enabled":true,"verified":false,"statuses_count":418,"lang":"en","contributors_enabled":false,"is_translator":false,"is_translation_enabled":false,"profile_background_color":"C0DEED","profile_background_image_url":"http:\/\/abs.twimg.com\/images\/themes\/theme1\/bg.png","profile_background_image_url_https":"https:\/\/abs.twimg.com\/images\/themes\/theme1\/bg.png","profile_background_tile":false,"profile_image_url":"http:\/\/pbs.twimg.com\/profile_images\/1129423989\/ram-ravichandran-tn_normal.png","profile_image_url_https":"https:\/\/pbs.twimg.com\/profile_images\/1129423989\/ram-ravichandran-tn_normal.png","profile_link_color":"0084B4","profile_sidebar_border_color":"C0DEED","profile_sidebar_fill_color":"DDEEF6","profile_text_color":"333333","profile_use_background_image":true,"default_profile":true,"default_profile_image":false,"following":false,"follow_request_sent":false,"notifications":false},"geo":null,"coordinates":null,"place":null,"contributors":null,"retweet_count":2,"favorite_count":10,"entities":{"hashtags":[{"text":"expatubesdiagram","indices":[50,67]}],"symbols":[],"urls":[],"user_mentions":[{"screen_name":"jmhodges","name":"Jeff Hodges","id":9267272,"id_str":"9267272","indices":[72,81]},{"screen_name":"mattknox","name":"matt knox","id":795244,"id_str":"795244","indices":[82,91]},{"screen_name":"rael","name":"Rael Dornfest","id":257,"id_str":"257","indices":[92,97]}],"media":[{"id":421492851940143105,"id_str":"421492851940143105","indices":[98,120],"media_url":"http:\/\/pbs.twimg.com\/media\/BdlxhANCMAEfiGl.jpg","media_url_https":"https:\/\/pbs.twimg.com\/media\/BdlxhANCMAEfiGl.jpg","url":"http:\/\/t.co\/VW9D6i1wFI","display_url":"pic.twitter.com\/VW9D6i1wFI","expanded_url":"http:\/\/twitter.com\/ram\/status\/421492852086935552\/photo\/1","type":"photo","sizes":{"medium":{"w":600,"h":450,"resize":"fit"},"large":{"w":1024,"h":768,"resize":"fit"},"thumb":{"w":150,"h":150,"resize":"crop"},"small":{"w":340,"h":255,"resize":"fit"}}}]},"favorited":false,"retweeted":false,"possibly_sensitive":false,"lang":"en"},{"created_at":"Mon Dec 23 04:20:32 +0000 2013","id":414973773725458432,"id_str":"414973773725458432","text":"@1Password Thanks. I'll look into this.","source":"web","truncated":false,"in_reply_to_status_id":413847694499540992,"in_reply_to_status_id_str":"413847694499540992","in_reply_to_user_id":793926,"in_reply_to_user_id_str":"793926","in_reply_to_screen_name":"1Password","user":{"id":16880220,"id_str":"16880220","name":"Ram Ravichandran","screen_name":"ram","location":"San Francisco, CA","description":"polyglot @ Expa, Ex-data scientist at Twitter. \nComputer Science PhD student at CMU on Leave of Absence. I bring good luck to my employer.","url":"http:\/\/t.co\/mIgtzXK","entities":{"url":{"urls":[{"url":"http:\/\/t.co\/mIgtzXK","expanded_url":"http:\/\/www.twitter.com","display_url":"twitter.com","indices":[0,19]}]},"description":{"urls":[]}},"protected":false,"followers_count":4744,"friends_count":517,"listed_count":129,"created_at":"Tue Oct 21 03:08:36 +0000 2008","favourites_count":170,"utc_offset":-21600,"time_zone":"Central Time (US & Canada)","geo_enabled":true,"verified":false,"statuses_count":418,"lang":"en","contributors_enabled":false,"is_translator":false,"is_translation_enabled":false,"profile_background_color":"C0DEED","profile_background_image_url":"http:\/\/abs.twimg.com\/images\/themes\/theme1\/bg.png","profile_background_image_url_https":"https:\/\/abs.twimg.com\/images\/themes\/theme1\/bg.png","profile_background_tile":false,"profile_image_url":"http:\/\/pbs.twimg.com\/profile_images\/1129423989\/ram-ravichandran-tn_normal.png","profile_image_url_https":"https:\/\/pbs.twimg.com\/profile_images\/1129423989\/ram-ravichandran-tn_normal.png","profile_link_color":"0084B4","profile_sidebar_border_color":"C0DEED","profile_sidebar_fill_color":"DDEEF6","profile_text_color":"333333","profile_use_background_image":true,"default_profile":true,"default_profile_image":false,"following":false,"follow_request_sent":false,"notifications":false},"geo":null,"coordinates":null,"place":null,"contributors":null,"retweet_count":0,"favorite_count":2,"entities":{"hashtags":[],"symbols":[],"urls":[],"user_mentions":[{"screen_name":"1Password","name":"1Password","id":793926,"id_str":"793926","indices":[0,10]}]},"favorited":false,"retweeted":false,"lang":"en"}]